[
  {
    "name": "نزلة البرد",
    "department": "طب عام",
    "category": "موسمي",
    "symptoms": ["رشح الأنف", "عطس متكرر", "كحة خفيفة", "احتقان الأنف", "صداع خفيف", "تهابل الحلق", "دموع العين", "ارتفاع طفيف في الحرارة", "شعور بالإرهاق", "آلام خفيفة في الجسم"]
  },
  {
    "name": "الإنفلونزا",
    "department": "طب عام",
    "category": "موسمي",
    "symptoms": ["حمى شديدة", "قشعريرة ورعشة", "آلام عضلية في جميع أنحاء الجسم", "إرهاق شديد وضعف", "كحة جافة", "صداع شديد", "تهابل الحلق", "سيلان الأنف", "غثيان وقيء", "إسهال"]
  },
  {
    "name": "التهاب اللوزتين",
    "department": "أنف وأذن وحنجرة",
    "category": "عام",
    "symptoms": ["ألم شديد في الحلق", "صعوبة البلع", "تضخم اللوزتين واحمرارهما", "بقع بيضاء على اللوز", "حمى", "صداع", "تورم الغدد الليمفاوية في الرقبة", "رائحة كريهة بالفم", "بحة في الصوت", "تيبس الرقبة"]
  },
  {
    "name": "التهاب الجيوب الأنفية",
    "department": "أنف وأذن وحنجرة",
    "category": "مزمن",
    "symptoms": ["صداع شديد حول العينين والجبهة", "احتقان الأنف", "إفرازات أنفية صفراء أو خضراء", "ألم في الأسنان العلوية", "سعال ليلي", "حمى", "تعب عام", "ضعف حاسة الشم", "رائحة كريهة بالفم", "ألم في الوجه عند الانحناء"]
  },
  {
    "name": "التهاب الأذن الوسطى",
    "department": "أنف وأذن وحنجرة",
    "category": "عام",
    "symptoms": ["ألم حاد في الأذن", "حمى", "ضعف السمع", "طنين في الأذن", "دوخة ودوار", "غثيان وقيء", "خروج إفرازات من الأذن", "شعور بالامتلاء في الأذن", "اضطراب في النوم", "فقدان الشهية"]
  },
  {
    "name": "الربو",
    "department": "أمراض الصدر",
    "category": "مزمن",
    "symptoms": ["ضيق التنفس", "صفير في الصدر", "كحة مستمرة خاصة ليلاً", "شعور بضيق في الصدر", "صعوبة في الكلام", "ازرقاق الشفتين", "تسارع في التنفس", "قلق وتوتر", "استيقاظ من النوم بسبب الكحة", "تفاقم الأعراض مع المجهود"]
  },
  {
    "name": "الالتهاب الرئوي",
    "department": "أمراض الصدر",
    "category": "عام",
    "symptoms": ["كحة شديدة مع بلغم", "حمى عالية", "ضيق تنفس", "ألم في الصدر يزيد مع التنفس", "تعرق شديد", "قشعريرة", "تعب وإرهاق", "غثيان وقيء", "صداع", "ازرقاق الأطراف"]
  },
  {
    "name": "التهاب الشعب الهوائية",
    "department": "أمراض الصدر",
    "category": "عام",
    "symptoms": ["كحة مستمرة مع بلغم", "ضيق تنفس", "ألم في الصدر", "حمى خفيفة", "قشعريرة", "تعب عام", "صفير في الصدر", "احتقان الأنف", "تهابل الحلق", "صداع"]
  },
  {
    "name": "الحساسية الموسمية",
    "department": "حساسية",
    "category": "موسمي",
    "symptoms": ["عطس متكرر", "حكة في الأنف", "دموع في العين", "احمرار العين", "سيلان الأنف", "احتقان الأنف", "حكة في الحلق", "سعال", "صداع", "تعب وإرهاق"]
  },
  {
    "name": "حساسية الطعام",
    "department": "حساسية",
    "category": "مزمن",
    "symptoms": ["طفح جلدي", "تورم في الشفتين والوجه", "حكة في الجلد", "غثيان وقيء", "آلام في البطن", "إسهال", "صعوبة في التنفس", "سعال", "دوار", "انخفاض ضغط الدم"]
  },
  {
    "name": "ارتفاع ضغط الدم",
    "department": "أمراض القلب",
    "category": "مزمن",
    "symptoms": ["صداع", "دوخة", "طنين في الأذن", "نزيف أنفي", "عدم انتظام ضربات القلب", "آلام في الصدر", "ضيق تنفس", "تعب عام", "رؤية مشوشة", "غثيان"]
  },
  {
    "name": "الذبحة الصدرية",
    "department": "أمراض القلب",
    "category": "مزمن",
    "symptoms": ["ألم ضاغط في الصدر", "ضيق تنفس", "تعرق بارد", "غثيان", "دوخة", "ألم ينتشر للذراعين أو الفك", "خفقان", "قلق", "شعور بالاختناق", "تعب شديد"]
  },
  {
    "name": "عدم انتظام ضربات القلب",
    "department": "أمراض القلب",
    "category": "مزمن",
    "symptoms": ["خفقان في الصدر", "دوخة", "ضيق تنفس", "ألم في الصدر", "تعب عام", "الإغماء", "قلق", "تعرق", "شحوب الوجه", "شعور بتوقف القلب"]
  },
  {
    "name": "السكري النوع الثاني",
    "department": "غدد صماء",
    "category": "مزمن",
    "symptoms": ["عطش شديد", "تبول متكرر", "جوع دائم", "تعب وإرهاق", "زغللة في العين", "بطء التئام الجروح", "تنميل في الأطراف", "حكة جلدية", "فقدان وزن غير مبرر", "التهابات متكررة"]
  },
  {
    "name": "قصور الغدة الدرقية",
    "department": "غدد صماء",
    "category": "مزمن",
    "symptoms": ["تعب شديد", "زيادة الوزن", "شعور بالبرودة", "إمساك", "اكتئاب", "جفاف الجلد", "تساقط الشعر", "ضعف الذاكرة", "آلام في العضلات", "بحة في الصوت"]
  },
  {
    "name": "فرط نشاط الغدة الدرقية",
    "department": "غدد صماء",
    "category": "مزمن",
    "symptoms": ["نقص الوزن", "عصبية وتوتر", "تعرق شديد", "خفقان", "جحوظ العينين", "رعشة في اليدين", "ضعف العضلات", "تساقط الشعر", "إسهال", "عدم تحمل الحرارة"]
  },
  {
    "name": "القولون العصبي",
    "department": "باطنة",
    "category": "مزمن",
    "symptoms": ["آلام وتقلصات في البطن", "انتفاخ البطن", "غازات", "إسهال أو إمساك", "تغير في شكل البراز", "وجود مخاط في البراز", "شعور بعدم اكتمال التبرز", "غثيان", "حرقة في الصدر", "تعب عام"]
  },
  {
    "name": "الارتجاع المريئي",
    "department": "باطنة",
    "category": "مزمن",
    "symptoms": ["حرقة في الصدر", "حموضة", "ألم في الصدر", "صعوبة البلع", "سعال جاف", "بحة في الصوت", "شعور بكتلة في الحلق", "غثيان", "تجشؤ", "طعم مر في الفم"]
  },
  {
    "name": "التهاب المعدة",
    "department": "باطنة",
    "category": "عام",
    "symptoms": ["ألم حارق في أعلى البطن", "غثيان", "قيء", "انتفاخ البطن", "حرقة", "فقدان الشهية", "تجشؤ", "شعور بالامتلاء", "دم في القيء", "براز أسود"]
  },
  {
    "name": "فقر الدم",
    "department": "باطنة",
    "category": "عام",
    "symptoms": ["شحوب الجلد", "تعب شديد", "ضيق تنفس", "دوخة", "خفقان", "هشاشة الأظافر", "صداع", "برودة الأطراف", "ألم في الصدر", "شهوة لأكل مواد غريبة"]
  },
  {
    "name": "الصداع النصفي",
    "department": "أعصاب",
    "category": "مزمن",
    "symptoms": ["صداع نابض في جانب واحد", "غثيان وقيء", "حساسية للضوء", "حساسية للصوت", "رؤية غير واضحة", "دوخة", "تنميل في الوجه", "صعوبة في الكلام", "تعب شديد", "اضطرابات بصرية قبل النوبة"]
  },
  {
    "name": "الصرع",
    "department": "أعصاب",
    "category": "مزمن",
    "symptoms": ["تشنجات", "فقدان الوعي", "تحديق", "حركات لا إرادية", "عض اللسان", "سقوط مفاجئ", "تبول لا إرادي", "ارتباك بعد النوبة", "رعشة في الأطراف", "شعور غريب قبل النوبة"]
  },
  {
    "name": "الزهايمر",
    "department": "أعصاب",
    "category": "مزمن",
    "symptoms": ["نسيان الأحداث القريبة", "توهان في الأماكن المألوفة", "صعوبة في الكلام", "تغير في الشخصية", "صعوبة في أداء المهام", "ضعف في الحكم على الأمور", "اكتئاب", "قلق", "اضطرابات في النوم", "فقدان المبادرة"]
  },
  {
    "name": "الاكتئاب",
    "department": "نفسية",
    "category": "مزمن",
    "symptoms": ["حزن مستمر", "فقدان المتعة", "تعب وإرهاق", "أرق أو نوم مفرط", "تغير في الشهية", "قلق", "صعوبة في التركيز", "شعور بعدم القيمة", "أفكار انتحارية", "آلام جسدية بدون سبب"]
  },
  {
    "name": "القلق العام",
    "department": "نفسية",
    "category": "مزمن",
    "symptoms": ["توتر مستمر", "خفقان", "تعرق", "أرق", "انزعاج", "صعوبة في التنفس", "رعشة", "جفاف الفم", "دوخة", "غثيان"]
  },
  {
    "name": "الرهاب الاجتماعي",
    "department": "نفسية",
    "category": "مزمن",
    "symptoms": ["خوف شديد من المواقف الاجتماعية", "تعرق", "ارتعاش", "خفقان", "غثيان", "صعوبة في الكلام", "احمرار الوجه", "رعشة في الصوت", "تجنب التجمعات", "قلق قبل المناسبات"]
  },
  {
    "name": "الإكزيما",
    "department": "جلدية",
    "category": "مزمن",
    "symptoms": ["حكة شديدة", "احمرار الجلد", "جفاف الجلد", "تقشر الجلد", "تورم", "بثور صغيرة", "تشقق الجلد", "سماكة الجلد", "تغير لون الجلد", "ألم عند اللمس"]
  },
  {
    "name": "حب الشباب",
    "department": "جلدية",
    "category": "عام",
    "symptoms": ["بثور حمراء", "رؤوس سوداء", "رؤوس بيضاء", "التهابات", "احمرار", "ألم عند اللمس", "ندوب", "بثور قيحية", "تورم", "حكة"]
  },
  {
    "name": "الصدفية",
    "department": "جلدية",
    "category": "مزمن",
    "symptoms": ["بقع حمراء", "قشور فضية", "حكة", "جفاف الجلد", "تشقق الجلد", "نزيف", "ألم", "تورم المفاصل", "تغير في الأظافر", "حرقة في الجلد"]
  },
  {
    "name": "التهاب المفاصل",
    "department": "عظام",
    "category": "مزمن",
    "symptoms": ["ألم في المفاصل", "تيبس الصباح", "تورم المفاصل", "صعوبة الحركة", "احمرار حول المفصل", "دفء في المفصل", "تشوه في المفاصل", "طقطقة", "ضعف العضلات", "تعب عام"]
  },
  {
    "name": "آلام الظهر",
    "department": "عظام",
    "category": "عام",
    "symptoms": ["ألم في أسفل الظهر", "تصلب", "صعوبة في الوقوف", "تشنجات عضلية", "ألم ينتشر للساق", "تنميل", "ضعف في الرجل", "ألم يزيد مع الحركة", "صعوبة في النوم", "تقوس الظهر"]
  },
  {
    "name": "هشاشة العظام",
    "department": "عظام",
    "category": "مزمن",
    "symptoms": ["آلام في العظام", "تقوس الظهر", "قصر القامة", "كسور متكررة", "ألم في أسفل الظهر", "صعوبة في الوقوف", "انحناء الظهر", "ألم في الركبتين", "ضعف في القبضة", "تعب عام"]
  },
  {
    "name": "التهاب المسالك البولية",
    "department": "مسالك بولية",
    "category": "عام",
    "symptoms": ["حرقة أثناء التبول", "تبول متكرر", "ألم في أسفل البطن", "دم في البول", "رائحة كريهة للبول", "حمى", "قشعريرة", "ألم في الظهر", "غثيان", "ضغط في الحوض"]
  },
  {
    "name": "حصوات الكلى",
    "department": "مسالك بولية",
    "category": "مزمن",
    "symptoms": ["ألم شديد في الظهر", "غثيان وقيء", "دم في البول", "تبول مؤلم", "رغبة مستمرة في التبول", "حمى", "قشعريرة", "تعرق", "ألم ينتشر للفخذ", "انتفاخ البطن"]
  },
  {
    "name": "تضخم البروستاتا",
    "department": "مسالك بولية",
    "category": "مزمن",
    "symptoms": ["صعوبة في التبول", "تبول متكرر", "تبول ليلي", "ضعف تيار البول", "تنقيط بعد التبول", "شعور بعدم اكتمال التفريغ", "ألم أثناء التبول", "دم في البول", "احتباس البول", "التهابات متكررة"]
  },
  {
    "name": "الأنيميا",
    "department": "دم",
    "category": "عام",
    "symptoms": ["شحوب الوجه", "تعب شديد", "ضيق تنفس", "دوخة", "خفقان", "هشاشة الأظافر", "صداع", "برودة الأطراف", "ألم في الصدر", "شهوة لأكل الثلج أو التراب"]
  },
  {
    "name": "النزيف",
    "department": "دم",
    "category": "عام",
    "symptoms": ["نزيف متكرر", "كدمات بدون سبب", "نزيف اللثة", "نزيف الأنف", "غزارة الدورة الشهرية", "دم في البول", "دم في البراز", "نزيف طويل من الجروح", "تعب", "شحوب"]
  },
  {
    "name": "الجدري المائي",
    "department": "أطفال",
    "category": "موسمي",
    "symptoms": ["طفح جلدي يتحول لبثور", "حكة شديدة", "حمى", "تعب", "فقدان الشهية", "صداع", "آلام في الجسم", "بثور في الفم", "سعال", "عطس"]
  },
  {
    "name": "النكاف",
    "department": "أطفال",
    "category": "موسمي",
    "symptoms": ["تورم الغدد اللعابية", "حمى", "صداع", "تعب", "فقدان الشهية", "ألم أثناء المضغ", "جفاف الفم", "ألم في البطن", "تورم الخصيتين", "تورم المبايض"]
  },
  {
    "name": "الحصبة",
    "department": "أطفال",
    "category": "موسمي",
    "symptoms": ["طفح جلدي", "حمى", "سعال", "زكام", "احمرار العين", "بقع بيضاء في الفم", "تهابل الحلق", "تعب", "فقدان الشهية", "حساسية للضوء"]
  },
  {
    "name": "التهاب الكبد الوبائي A",
    "department": "كبد",
    "category": "عام",
    "symptoms": ["اصفرار الجلد", "غثيان", "تعب", "آلام في البطن", "بول داكن", "براز فاتح", "حمى", "فقدان الشهية", "حكة", "آلام في المفاصل"]
  },
  {
    "name": "تليف الكبد",
    "department": "كبد",
    "category": "مزمن",
    "symptoms": ["تعب شديد", "اصفرار", "استسقاء البطن", "نزيف", "غيبوبة كبدية", "حكة", "فقدان الوزن", "غثيان", "تورم الساقين", "ضعف العضلات"]
  },
  {
    "name": "السرطان",
    "department": "أورام",
    "category": "مزمن",
    "symptoms": ["فقدان وزن غير مبرر", "تعب مستمر", "ألم مستمر", "تغير في عادات التبرز", "نزيف غير طبيعي", "كتلة في أي مكان", "سعال مستمر", "صعوبة في البلع", "تغير في لون الجلد", "تعرق ليلي"]
  },
  {
    "name": "الألم العضلي الليفي",
    "department": "روماتيزم",
    "category": "مزمن",
    "symptoms": ["آلام عضلية منتشرة", "تعب شديد", "أرق", "صداع", "اكتئاب", "قلق", "صعوبة في التركيز", "تنميل", "تصلب الصباح", "آلام في البطن"]
  },
  {
    "name": "الذئبة الحمراء",
    "department": "روماتيزم",
    "category": "مزمن",
    "symptoms": ["طفح جلدي على الوجه", "آلام في المفاصل", "تعب شديد", "حمى", "تساقط الشعر", "ألم في الصدر", "حساسية للشمس", "تقرحات في الفم", "تورم في الساقين", "صداع"]
  },
  {
    "name": "التهاب السحايا",
    "department": "أعصاب",
    "category": "عام",
    "symptoms": ["صداع شديد", "تصلب الرقبة", "حمى", "غثيان وقيء", "حساسية للضوء", "ارتباك", "نعاس", "طفح جلدي", "تشنجات", "فقدان الشهية"]
  },
  {
    "name": "التهاب البنكرياس",
    "department": "باطنة",
    "category": "عام",
    "symptoms": ["ألم شديد في أعلى البطن", "غثيان وقيء", "حمى", "تسارع ضربات القلب", "ألم ينتشر للظهر", "انتفاخ البطن", "غثيان", "حساسية البطن للمس", "انخفاض ضغط الدم", "اصفرار الجلد"]
  },
  {
    "name": "التهاب الزائدة الدودية",
    "department": "جراحة",
    "category": "عام",
    "symptoms": ["ألم حول السرة", "ألم في الجزء الأيمن السفلي من البطن", "غثيان وقيء", "فقدان الشهية", "حمى", "انتفاخ البطن", "ألم يزيد مع الحركة", "إمساك أو إسهال", "تصلب البطن", "ألم عند السعال"]
  },
  {
    "name": "التهاب القولون التقرحي",
    "department": "باطنة",
    "category": "مزمن",
    "symptoms": ["آلام البطن", "إسهال دموي", "رغبة ملحة في التبرز", "ألم المستقيم", "فقدان الوزن", "تعب", "حمى", "جفاف", "آلام المفاصل", "تقرحات الفم"]
  },
  {
    "name": "داء كرون",
    "department": "باطنة",
    "category": "مزمن",
    "symptoms": ["آلام البطن", "إسهال", "نزيف المستقيم", "فقدان الوزن", "تعب", "حمى", "تقرحات الفم", "ألم حول الشرج", "فقدان الشهية", "انتفاخ البطن"]
  },
  {
    "name": "التهاب المفاصل الروماتويدي",
    "department": "روماتيزم",
    "category": "مزمن",
    "symptoms": ["ألم وتورم المفاصل", "تيبس الصباح", "تعب", "حمى خفيفة", "فقدان الوزن", "عقيدات تحت الجلد", "احمرار المفاصل", "دفء المفاصل", "تشوه المفاصل", "ضعف العضلات"]
  },
  {
    "name": "النقرس",
    "department": "روماتيزم",
    "category": "مزمن",
    "symptoms": ["ألم مفاجئ في المفصل", "تورم المفصل", "احمرار المفصل", "دفء المفصل", "تيبس المفصل", "حمى", "حكة وتقشر الجلد حول المفصل", "ألم شديد ليلاً", "صعوبة الحركة", "تكون حصوات الكلى"]
  },
  {
    "name": "التهاب العضلات",
    "department": "روماتيزم",
    "category": "مزمن",
    "symptoms": ["ضعف العضلات", "ألم العضلات", "تعب", "صعوبة البلع", "حمى", "فقدان الوزن", "طفح جلدي", "تيبس المفاصل", "صعوبة التنفس", "بحة الصوت"]
  },
  {
    "name": "التهاب الأوعية الدموية",
    "department": "روماتيزم",
    "category": "مزمن",
    "symptoms": ["حمى", "تعب", "فقدان الوزن", "آلام العضلات", "آلام المفاصل", "طفح جلدي", "تقرحات الجلد", "ضعف الأعصاب", "صداع", "مشاكل في الرؤية"]
  },
  {
    "name": "التهاب الكبد B",
    "department": "كبد",
    "category": "مزمن",
    "symptoms": ["تعب", "غثيان", "ألم البطن", "بول داكن", "اصفرار الجلد", "فقدان الشهية", "حمى", "آلام المفاصل", "حكة", "تضخم الكبد"]
  },
  {
    "name": "التهاب الكبد C",
    "department": "كبد",
    "category": "مزمن",
    "symptoms": ["تعب", "غثيان", "ألم البطن", "بول داكن", "اصفرار الجلد", "فقدان الشهية", "حمى", "آلام المفاصل", "حكة", "تضخم الكبد"]
  },
  {
    "name": "تشمع الكبد",
    "department": "كبد",
    "category": "مزمن",
    "symptoms": ["تعب", "ضعف", "فقدان الشهية", "غثيان", "فقدان الوزن", "ألم البطن", "حكة", "اصفرار الجلد", "تورم الساقين", "استسقاء البطن"]
  },
  {
    "name": "التهاب البنكرياس المزمن",
    "department": "باطنة",
    "category": "مزمن",
    "symptoms": ["ألم البطن", "فقدان الوزن", "إسهال دهني", "غثيان", "قيء", "انتفاخ البطن", "عطش", "جوع", "تبول متكرر", "اصفرار الجلد"]
  },
  {
    "name": "التهاب البروستاتا",
    "department": "مسالك بولية",
    "category": "مزمن",
    "symptoms": ["ألم في الحوض", "صعوبة التبول", "حرقة البول", "تبول متكرر", "ألم أثناء القذف", "دم في السائل المنوي", "ألم في المستقيم", "حمى", "قشعريرة", "تعب"]
  },
  {
    "name": "سلس البول",
    "department": "مسالك بولية",
    "category": "مزمن",
    "symptoms": ["تسرب البول", "حاجة ملحة للتبول", "تبول متكرر", "تبول ليلي", "ضعف تيار البول", "تنقيط بعد التبول", "شعور بعدم اكتمال التفريغ", "التهابات متكررة", "حرقة البول", "ألم في أسفل البطن"]
  },
  {
    "name": "التهاب المثانة",
    "department": "مسالك بولية",
    "category": "عام",
    "symptoms": ["حرقة البول", "تبول متكرر", "ألم أسفل البطن", "دم في البول", "رائحة كريهة للبول", "حمى", "قشعريرة", "غثيان", "ضغط في الحوض", "ألم أثناء الجماع"]
  },
  {
    "name": "التهاب الإحليل",
    "department": "مسالك بولية",
    "category": "عام",
    "symptoms": ["حرقة البول", "إفرازات من القضيب", "ألم أثناء التبول", "حكة في الإحليل", "تبول متكرر", "ألم في الحوض", "حمى", "قشعريرة", "تعب", "غثيان"]
  },
  {
    "name": "التهاب الخصية",
    "department": "مسالك بولية",
    "category": "عام",
    "symptoms": ["ألم في الخصية", "تورم الخصية", "احمرار الخصية", "دفء الخصية", "حمى", "قشعريرة", "غثيان", "قيء", "ألم في الفخذ", "إفرازات من القضيب"]
  },
  {
    "name": "التهاب البربخ",
    "department": "مسالك بولية",
    "category": "عام",
    "symptoms": ["ألم في الخصية", "تورم الخصية", "احمرار الخصية", "دفء الخصية", "حمى", "قشعريرة", "غثيان", "قيء", "ألم في الفخذ", "إفرازات من القضيب"]
  },
  {
    "name": "التهاب الرئة",
    "department": "أمراض الصدر",
    "category": "عام",
    "symptoms": ["كحة شديدة", "بلغم", "حمى", "قشعريرة", "ضيق تنفس", "ألم الصدر", "تعب", "غثيان", "قيء", "إسهال"]
  },
  {
    "name": "الانسداد الرئوي",
    "department": "أمراض الصدر",
    "category": "عام",
    "symptoms": ["ضيق تنفس مفاجئ", "ألم الصدر", "سعال", "خفقان", "تعرق", "زرقة الشفتين", "دوخة", "إغماء", "قلق", "تورم الساق"]
  },
  {
    "name": "الربو القصبي",
    "department": "أمراض الصدر",
    "category": "مزمن",
    "symptoms": ["ضيق التنفس", "صفير الصدر", "كحة", "شعور بضيق الصدر", "صعوبة الكلام", "زرقة الشفتين", "تسارع التنفس", "قلق", "استيقاظ ليلي", "تفاقم مع المجهود"]
  },
  {
    "name": "التهاب القصبات الهوائية",
    "department": "أمراض الصدر",
    "category": "مزمن",
    "symptoms": ["كحة مزمنة", "بلغم", "ضيق تنفس", "صفير الصدر", "تعب", "حمى", "قشعريرة", "ألم الصدر", "تهابل الحلق", "صداع"]
  },
  {
    "name": "توسع القصبات",
    "department": "أمراض الصدر",
    "category": "مزمن",
    "symptoms": ["كحة مزمنة", "بلغم غزير", "ضيق تنفس", "صفير الصدر", "تعب", "حمى", "قشعريرة", "ألم الصدر", "نزف الدم مع البلغم", "فقدان الوزن"]
  },
  {
    "name": "الالتهاب الرئوي المكتسب",
    "department": "أمراض الصدر",
    "category": "عام",
    "symptoms": ["كحة شديدة", "بلغم", "حمى", "قشعريرة", "ضيق تنفس", "ألم الصدر", "تعب", "غثيان", "قيء", "إسهال"]
  },
  {
    "name": "الالتهاب الرئوي الفيروسي",
    "department": "أمراض الصدر",
    "category": "عام",
    "symptoms": ["كحة جافة", "حمى", "قشعريرة", "ضيق تنفس", "ألم الصدر", "تعب", "غثيان", "قيء", "إسهال", "صداع"]
  },
  {
    "name": "الالتهاب الرئوي البكتيري",
    "department": "أمراض الصدر",
    "category": "عام",
    "symptoms": ["كحة شديدة", "بلغم", "حمى", "قشعريرة", "ضيق تنفس", "ألم الصدر", "تعب", "غثيان", "قيء", "إسهال"]
  },
  {
    "name": "الالتهاب الرئوي الفطري",
    "department": "أمراض الصدر",
    "category": "عام",
    "symptoms": ["كحة شديدة", "بلغم", "حمى", "قشعريرة", "ضيق تنفس", "ألم الصدر", "تعب", "غثيان", "قيء", "إسهال"]
  },
  {
    "name": "الالتهاب الرئوي الطفيلي",
    "department": "أمراض الصدر",
    "category": "عام",
    "symptoms": ["كحة شديدة", "بلغم", "حمى", "قشعريرة", "ضيق تنفس", "ألم الصدر", "تعب", "غثيان", "قيء", "إسهال"]
  },
  {
    "name": "الالتهاب الرئوي الكيميائي",
    "department": "أمراض الصدر",
    "category": "عام",
    "symptoms": ["كحة شديدة", "بلغم", "حمى", "قشعريرة", "ضيق تنفس", "ألم الصدر", "تعب", "غثيان", "قيء", "إسهال"]
  },
  {
    "name": "الالتهاب الرئوي الإشعاعي",
    "department": "أمراض الصدر",
    "category": "عام",
    "symptoms": ["كحة شديدة", "بلغم", "حمى", "قشعريرة", "ضيق تنفس", "ألم الصدر", "تعب", "غثيان", "قيء", "إسهال"]
  },
  {
    "name": "الالتهاب الرئوي التحسسي",
    "department": "أمراض الصدر",
    "category": "عام",
    "symptoms": ["كحة شديدة", "بلغم", "حمى", "قشعريرة", "ضيق تنفس", "ألم الصدر", "تعب", "غثيان", "قيء", "إسهال"]
  },
  {
    "name": "الالتهاب الرئوي المناعي",
    "department": "أمراض الصدر",
    "category": "عام",
    "symptoms": ["كحة شديدة", "بلغم", "حمى", "قشعريرة", "ضيق تنفس", "ألم الصدر", "تعب", "غثيان", "قيء", "إسهال"]
  },
  {
    "name": "الالتهاب الرئوي الخلالي",
    "department": "أمراض الصدر",
    "category": "مزمن",
    "symptoms": ["ضيق تنفس", "كحة جافة", "تعب", "فقدان الوزن", "ألم الصدر", "حمى", "قشعريرة", "زرقة الشفتين", "تورم الساقين", "آلام المفاصل"]
  },
  {
    "name": "التهاب الرئة البكتيري",
    "department": "أمراض الصدر",
    "category": "عام",
    "symptoms": ["كحة شديدة", "بلغم", "حمى", "قشعريرة", "ضيق تنفس", "ألم الصدر", "تعب", "غثيان", "قيء", "إسهال"]
  },
  {
    "name": "التهاب الرئة الفيروسي",
    "department": "أمراض الصدر",
    "category": "عام",
    "symptoms": ["كحة جافة", "حمى", "قشعريرة", "ضيق تنفس", "ألم الصدر", "تعب", "غثيان", "قيء", "إسهال", "صداع"]
  },
  {
    "name": "التهاب الرئة الفطري",
    "department": "أمراض الصدر",
    "category": "عام",
    "symptoms": ["كحة شديدة", "بلغم", "حمى", "قشعريرة", "ضيق تنفس", "ألم الصدر", "تعب", "غثيان", "قيء", "إسهال"]
  },
  {
    "name": "التهاب الرئة الطفيلي",
    "department": "أمراض الصدر",
    "category": "عام",
    "symptoms": ["كحة شديدة", "بلغم", "حمى", "قشعريرة", "ضيق تنفس", "ألم الصدر", "تعب", "غثيان", "قيء", "إسهال"]
  },
  {
    "name": "التهاب الرئة الكيميائي",
    "department": "أمراض الصدر",
    "category": "عام",
    "symptoms": ["كحة شديدة", "بلغم", "حمى", "قشعريرة", "ضيق تنفس", "ألم الصدر", "تعب", "غثيان", "قيء", "إسهال"]
  },
  {
    "name": "التهاب الرئة الإشعاعي",
    "department": "أمراض الصدر",
    "category": "عام",
    "symptoms": ["كحة شديدة", "بلغم", "حمى", "قشعريرة", "ضيق تنفس", "ألم الصدر", "تعب", "غثيان", "قيء", "إسهال"]
  },
  {
    "name": "التهاب الرئة التحسسي",
    "department": "أمراض الصدر",
    "category": "عام",
    "symptoms": ["كحة شديدة", "بلغم", "حمى", "قشعريرة", "ضيق تنفس", "ألم الصدر", "تعب", "غثيان", "قيء", "إسهال"]
  },
  {
    "name": "التهاب الرئة المناعي",
    "department": "أمراض الصدر",
    "category": "عام",
    "symptoms": ["كحة شديدة", "بلغم", "حمى", "قشعريرة", "ضيق تنفس", "ألم الصدر", "تعب", "غثيان", "قيء", "إسهال"]
  },
  {
    "name": "التهاب الرئة الخلالي",
    "department": "أمراض الصدر",
    "category": "مزمن",
    "symptoms": ["ضيق تنفس", "كحة جافة", "تعب", "فقدان الوزن", "ألم الصدر", "حمى", "قشعريرة", "زرقة الشفتين", "تورم الساقين", "آلام المفاصل"]
  },
  {
    "name": "التهاب الرئة البكتيري الحاد",
    "department": "أمراض الصدر",
    "category": "عام",
    "symptoms": ["كحة شديدة", "بلغم", "حمى", "قشعريرة", "ضيق تنفس", "ألم الصدر", "تعب", "غثيان", "قيء", "إسهال"]
  },
  {
    "name": "التهاب الرئة الفيروسي الحاد",
    "department": "أمراض الصدر",
    "category": "عام",
    "symptoms": ["كحة جافة", "حمى", "قشعريرة", "ضيق تنفس", "ألم الصدر", "تعب", "غثيان", "قيء", "إسهال", "صداع"]
  },
  {
    "name": "التهاب الرئة الفطري الحاد",
    "department": "أمراض الصدر",
    "category": "عام",
    "symptoms": ["كحة شديدة", "بلغم", "حمى", "قشعريرة", "ضيق تنفس", "ألم الصدر", "تعب", "غثيان", "قيء", "إسهال"]
  },
  {
    "name": "التهاب الرئة الطفيلي الحاد",
    "department": "أمراض الصدر",
    "category": "عام",
    "symptoms": ["كحة شديدة", "بلغم", "حمى", "قشعريرة", "ضيق تنفس", "ألم الصدر", "تعب", "غثيان", "قيء", "إسهال"]
  },
  {
    "name": "التهاب الرئة الكيميائي الحاد",
    "department": "أمراض الصدر",
    "category": "عام",
    "symptoms": ["كحة شديدة", "بلغم", "حمى", "قشعريرة", "ضيق تنفس", "ألم الصدر", "تعب", "غثيان", "قيء", "إسهال"]
  },
  {
    "name": "التهاب الرئة الإشعاعي الحاد",
    "department": "أمراض الصدر",
    "category": "عام",
    "symptoms": ["كحة شديدة", "بلغم", "حمى", "قشعريرة", "ضيق تنفس", "ألم الصدر", "تعب", "غثيان", "قيء", "إسهال"]
  },
  {
    "name": "التهاب الرئة التحسسي الحاد",
    "department": "أمراض الصدر",
    "category": "عام",
    "symptoms": ["كحة شديدة", "بلغم", "حمى", "قشعريرة", "ضيق تنفس", "ألم الصدر", "تعب", "غثيان", "قيء", "إسهال"]
  },
  {
    "name": "التهاب الرئة المناعي الحاد",
    "department": "أمراض الصدر",
    "category": "عام",
    "symptoms": ["كحة شديدة", "بلغم", "حمى", "قشعريرة", "ضيق تنفس", "ألم الصدر", "تعب", "غثيان", "قيء", "إسهال"]
  },
  {
    "name": "التهاب الرئة الخلالي الحاد",
    "department": "أمراض الصدر",
    "category": "مزمن",
    "symptoms": ["ضيق تنفس", "كحة جافة", "تعب", "فقدان الوزن", "ألم الصدر", "حمى", "قشعريرة", "زرقة الشفتين", "تورم الساقين", "آلام المفاصل"]
  }
]